Name,Phone,DOB,Email
,,,
Harold N. Longoria,916-412-5736,"July 12, 1934",HaroldNLongoria@jourrapide.com            This is a real email address. Click here to activate it!
Cristi W. McPherson,781-925-4324,"October 1, 1956",CristiWMcPherson@jourrapide.com            This is a real email address. Click here to activate it!
Winston A. House,602-241-1006,"June 8, 1982",WinstonAHouse@armyspy.com            This is a real email address. Click here to activate it!
Ralph K. Ibarra,765-421-3288,"September 30, 1956",RalphKIbarra@rhyta.com            This is a real email address. Click here to activate it!
Hazel J. Crane,336-716-4286,"May 29, 1945",HazelJCrane@jourrapide.com            This is a real email address. Click here to activate it!
James D. Black,786-466-3131,"January 31, 1994",JamesDBlack@dayrep.com            This is a real email address. Click here to activate it!
Geneva R. Taylor,601-381-5409,"February 28, 1949",GenevaRTaylor@jourrapide.com            This is a real email address. Click here to activate it!
Carolyn A. Walker,580-898-8994,"April 8, 1995",CarolynAWalker@dayrep.com            This is a real email address. Click here to activate it!
Bobby S. Newell,203-892-5148,"December 31, 1984",BobbySNewell@jourrapide.com            This is a real email address. Click here to activate it!
Bryan J. Laflamme,513-368-0350,"March 10, 1939",BryanJLaflamme@jourrapide.com            This is a real email address. Click here to activate it!
